<stage name="MoreMutantMadness" 
	friendlyName="More Mutant Madness"
	nextStage="config/stages/SwimAndCover/stage.xml" 
	stageWidth="800" 
	stageHeight="600"
	time="1:30" >


	<environment bgLayout="resources/backdrops/LostCity/bgLayout.xml" 
				 fgLayout="resources/backdrops/LostCity/fgLayout.xml"
				 mgLayout="resources/backdrops/LostCity/mgLayout.xml" />
				 
	<playerFish config="config/Fish/JDPlayer.xml" >
		<size size="9.5" targetScore="0" scale="0.40" />
		<size size="14.5" targetScore="550" scale="0.635" />
		<size size="17.5" targetScore="1350" scale="1.0" />
		<size size="18.5" targetScore="2200" scale="1.0" />
	</playerFish>

<!-- Fish -->
	
	<enemyFish name="Angler Small" template="config/fish/AnglerSmall.xml" poolSize="12" >
		<spawnInfo playerSize="0"	maxCount="12"	respawnFreq="(0.4,0.7)" />
		<spawnInfo playerSize="14.5" maxCount="8"	respawnFreq="(1.0,2.0)" />
		<spawnInfo playerSize="17.5" maxCount="6"	respawnFreq="(2.0,2.0)" />
	</enemyFish> 

	<enemyFish name="Barracuda Medium" template="config/fish/BarracudaMedium.xml" poolSize="6" >
		<spawnInfo playerSize="0"	maxCount="3"	respawnFreq="(1.0,3.0)" />
		<spawnInfo playerSize="14.5" maxCount="4"	respawnFreq="(2.0,3.0)" />
		<spawnInfo playerSize="17.5" maxCount="5"	respawnFreq="(2.0,4.0)" />
	</enemyFish>

	<enemyFish name="Tuna Large" template="config/fish/TunaLarge.xml" poolSize="2" >
		<spawnInfo playerSize="0"	maxCount="2"	respawnFreq="(4.0,7.0)" />
		<spawnInfo playerSize="14.5" maxCount="2"	respawnFreq="(4.0,6.0)" />
		<spawnInfo playerSize="17.5" maxCount="2"	respawnFreq="(3.0,4.0)" />
	</enemyFish> 

	<enemyFish name="OrcaHazard" template="config/fish/OrcaHazard.xml" poolSize="1" mode="uncounted" displayMenuImage="false" >
		<spawnInfo playerSize="0"	maxCount="1"	respawnFreq="(10.0,15.0)" />
	</enemyFish> 

<!-- Hazards -->

	<enemyFish name="Poison MinnowMini" template="config/fish/PoisonMinnowMini.xml" poolSize="4" displayMenuImage="false" mode="uncounted">
		<spawnInfo playerSize="0"	maxCount="3"	respawnFreq="(4.0,8.0)" />
	</enemyFish> 

	<enemyFish name="Jellies" template="config/fish/BasicJellyFish.xml" poolSize="2"  displayMenuImage="false" mode="uncounted">
		<spawnInfo playerSize="0"	maxCount="3"	respawnFreq="(4.0,8.0)" />
	</enemyFish>

	<enemyFish name="Oysters" template="config/fish/oysterFast.xml" poolSize="2" displayMenuImage="false" mode="uncounted" >
		<staticSpawn pos="517,508" doRespawn="true" />
		<staticSpawn pos="178,542" doRespawn="true" />
		<spawnInfo playerSize="0"	maxCount="0"	respawnFreq="(.5,1.5)" />		
	</enemyFish>

<!-- Powerups -->

	<enemyFish name="Bubbles" template="config/fish/BonusBubbleStar.xml" poolSize="2"  displayMenuImage="false" mode="uncounted" >
		<spawnInfo playerSize="0"	maxCount="2"	respawnFreq="(3.0,8.0)" />
	</enemyFish> 

	<enemyFish name="Fury Bubbles" template="config/fish/BonusBubbleFeedingFury.xml" poolSize="1"  displayMenuImage="false" mode="uncounted">
		<spawnInfo playerSize="0"	maxCount="1"	respawnFreq="(15.0,30.0)" />
	</enemyFish>

	<enemyFish name="Shield Bubbles" template="config/fish/BonusBubbleShield.xml" poolSize="1"  displayMenuImage="false" mode="uncounted">
		<spawnInfo playerSize="0"	maxCount="1"	respawnFreq="(20.0,40.0)" />
	</enemyFish>

	<music	introSound="stageIntro"
			outroSound="stageOutro"
			gameMusic="resources/music/track4.wav" />
		
</stage>
