<screen name="Stage 1 Load">

	<include name="baseLyout" file="config\Stages\stageStartBase.xml" />

	<image name="extraButton" file="resources\menus\screenExtras\circleBack.png" x="458" y="160" />
	<image name="extraButton" file="resources\angler\swim\swim_cycle.1.jpg" scaleX="0.45" scaleY="0.5" x="470" y="170" />
	<text  name="extraButtonCaption" font="resources\menus\infoText14.xml" x="490" y="174" string="Eddie"/>
	<textSub name="title" string="" />
								  
	<textSub name="tagline" string="Congratulations!  Fish Upgrade!" />
		
	<textSub name="para1"  string="Meet Eddie the Angler. His small fins make him\n
					a little slower, but he has a big bite! Don't forget\n
					to use your right mouse button to suck in schools\n
					of fish." />
	
	<textSub name="para2"  string="\nNEW POWER-UP!\n
								        Pick up the FURY BUBBLE, and go nuts! You'll\n
								        zip around the screen eating everything in sight!\n"/>

	<image name="extraButton"  file="resources\bonus\furyBubble1.png" x="102" y="287" />
	<image name="extraButton"  file="resources\bonus\furyBubble1.png" x="500" y="287" />

	<textSub name="objectiveText" string="" />
	<textSub name="timeObjectiveText" string="" />

</screen>
