<stage name="KillerInstinct" 
	friendlyName="KillerInstinct"
	stageWidth="1280" 
	stageHeight="960"
	time="1:45" >

	<environment bgLayout="resources/backdrops/BigRidge/bgLayout.xml" 
				 fgLayout="resources/backdrops/BigRidge/fgLayout.xml"
				 mgLayout="resources/backdrops/BigRidge/mgLayout.xml" />
				 
	<playerFish config="config/Fish/OrcaPlayer.xml" >
		<size size="12.5" targetScore="0" scale="0.42" />
		<size size="16.5" targetScore="600" scale="0.76" />
		<size size="21.5" targetScore="1600" scale="1.2" />
		<size size="22.5" targetScore="2400" scale="1.2" />
	</playerFish>

<!-- Fish -->
	
	<enemyFish name="JohnDorySmallFlyby" template="config/fish/JohnDorySmallFlyby.xml" poolSize="30" displayMenuImage="false">
		<spawnInfo playerSize="0"		maxCount="16"	respawnFreq="(0.1,0.5)" />
		<spawnInfo playerSize="16.5"	maxCount="12"	respawnFreq="(0.1,0.5)" />
	</enemyFish> 

	<enemyFish name="BarracudaSmall" template="config/fish/BarracudaSmall.xml" poolSize="20" >
		<spawnInfo playerSize="0"	maxCount="8"	respawnFreq="(1.0,2.0)" />
	</enemyFish> 

	<enemyFish name="MarlinMediumFlyby" template="config/fish/MarlinMediumFlyby.xml" poolSize="10" displayMenuImage="true">
		<spawnInfo playerSize="0"	maxCount="2"	respawnFreq="(2.0,4.0)" />
		<spawnInfo playerSize="16.5" maxCount="3"	respawnFreq="(2.0,3.0)" />
		<spawnInfo playerSize="21.5" maxCount="4"	respawnFreq="(2.0,3.0)" />
	</enemyFish>

	<enemyFish name="TunaMediumFlyby" template="config/fish/TunaMediumFlyby.xml" poolSize="10" >
		<spawnInfo playerSize="0"	maxCount="2"	respawnFreq="(2.0,4.0)" />
		<spawnInfo playerSize="16.5" maxCount="3"	respawnFreq="(2.0,3.0)" />
		<spawnInfo playerSize="21.5" maxCount="4"	respawnFreq="(2.0,3.0)" />
	</enemyFish>

	<enemyFish name="SharkLarge" template="config/fish/SharkLarge.xml" poolSize="12" >
		<spawnInfo playerSize="0"	maxCount="2"	respawnFreq="(4.0,8.0)" />
		<spawnInfo playerSize="16.5" maxCount="4"	respawnFreq="(4.0,6.0)" />
		<spawnInfo playerSize="21.5" maxCount="6"	respawnFreq="(3.0,5.0)" />
	</enemyFish>

<!-- Hazards -->

	<enemyFish name="Oysters" template="config/fish/oysterFast.xml" poolSize="2" displayMenuImage="false" mode="uncounted" >
  		<staticSpawn pos="600,855" doRespawn="true" />
  		<staticSpawn pos="1140,880" doRespawn="true" />
		<spawnInfo playerSize="0"	maxCount="0"	respawnFreq="(.5,1.5)" />		
	</enemyFish>

	<enemyFish name="Mine" template="config/fish/Mine.xml" poolSize="6" displayMenuImage="false" mode="uncounted" >
		<spawnInfo playerSize="0"	maxCount="0"	respawnFreq="(1.0, 4.0)" />
		<spawnInfo playerSize="16.5"	maxCount="2"	respawnFreq="(1.0, 3.0)" />
		<spawnInfo playerSize="21.5"	maxCount="4"	respawnFreq="(1.0, 2.0)" />
	</enemyFish>

<!-- Powerups -->

	<enemyFish name="Bubbles" template="config/fish/BonusBubbleStar.xml" poolSize="1"  displayMenuImage="false" mode="uncounted" >
		<spawnInfo playerSize="0"	maxCount="1"	respawnFreq="(1.0,7.0)" />
	</enemyFish> 
	
	<enemyFish name="2x" template="config/fish/BonusBubble2X.xml" poolSize="1" displayMenuImage="false" mode="uncounted">
		<spawnInfo playerSize="0"	maxCount="1"	respawnFreq="(5.0,15.0)" />
	</enemyFish>

	<enemyFish name="Speed Bubbles" template="config/fish/BonusBubbleSpeed.xml" poolSize="1" mode="uncounted" displayMenuImage="false">
		<spawnInfo playerSize="0"	maxCount="1"	respawnFreq="(7.5,15)" />
	</enemyFish>

	<enemyFish name="Life Bubbles" template="config/fish/BonusBubbleFreeLife.xml" poolSize="1" mode="onlyUneaten" displayMenuImage="false">
		<spawnInfo playerSize="0"	maxCount="1"	respawnFreq="(20.0,45.0)" />
	</enemyFish>
	
	<enemyFish name="Shield Bubbles" template="config/fish/BonusBubbleShield.xml" poolSize="1"  displayMenuImage="false" mode="uncounted">
		<spawnInfo playerSize="0"	maxCount="1"	respawnFreq="(20.0,40.0)" />
	</enemyFish>

	<enemyFish name="Stun Bubbles" template="config/fish/BonusBubbleStun.xml" poolSize="1"  displayMenuImage="false" mode="uncounted">
		<spawnInfo playerSize="0"	maxCount="1"	respawnFreq="(7.5,15.0)" />
	</enemyFish>

	<enemyFish name="Fury Bubble" template="config/fish/BonusBubbleFeedingFury.xml" poolSize="1"  displayMenuImage="false" mode="uncounted" >
		<spawnInfo playerSize="0"	maxCount="1"	respawnFreq="(7.5,15.0)" />
	</enemyFish>


	<music	introSound="stageIntro"
			outroSound="stageOutro"
			gameMusic="resources/music/track1.wav" />
		
</stage>
