<particleSystem autoStop="-1.0" >

	<particleStream sequence="sequence" emitRate="2" offset="0,0" offsetType="groupRelative">
		<resource type="image" path="resources/FX/bubbleParticle" />
		<velocity startX="(-80,-30)" startY="(-5,5)" />
		<acceleration rate="(1,4)" />
		<extForce force="-2.8,0" />
		<position startX="(-300,400)" startY="(-300,300)" />
		<scale startScale="(0.2,0.2)" endScale="(0.01,0.01)" constantScale="true" />
		<particleLife lifeTime="(7.0,9.0)" />
		<opacity startOp="0.3" endOp="0.6" />
		<jitter axis="Y" amplitude="(0.3,1.0)" period="(1.5,2.5)" rate="(1.5,2.5)" />
	</particleStream>

</particleSystem>