<particleSystem autoStop="-1.0" >

	<particleStream sequence="sequence" emitRate="0.5" offset="0,0" offsetType="groupRelative">
		<resource type="image" path="resources/FX/bgFish" />
		<velocity startX="(30,40)" startY="(-5,5)" />
		<acceleration rate="(1,4)" />
		<extForce force="0,0" />
		<position startX="(-420,-420)" startY="(-200,200)" />
		<scale startScale="(0.5,1.0)" endScale="(0.5,1.4)" constantScale="true" />
		<particleLife lifeTime="(14.0,14.0)" />
		<opacity startOp="0.2" endOp="0.15" />
		<jitter axis="Y" amplitude="(0.3,0.6)" period="(1.5,2.5)" rate="(1.5,2.5)" />
	</particleStream>

</particleSystem>