<particleSystem autoStop="-1.0" >

	<particleStream sequence="sequence" emitRate="3" offset="0,0" offsetType="groupRelative">
		<resource type="image" path="resources/FX/bubbleParticle" />
		<velocity startX="(-7,7)" startY="(-20,-80)" />
		<acceleration rate="(1,4)" />
		<extForce force="0,-10.8" />
		<position startX="(0,0)" startY="(0,10)" />
		<scale startScale="(0.3,0.3)" endScale="(0.4,0.7)" constantScale="false" />
		<particleLife lifeTime="(6.0,7.0)" />
		<opacity startOp="0.2" endOp="0.3" />
		<jitter axis="X" amplitude="(0.3,0.5)" period="(1.5,2.5)" rate="(1.5,2.5)" />
	</particleStream>

</particleSystem>