<particleSystem autoStop="5.0" >

<particleStream sequence="random" emitRate="40.0" offset="0,0" startDelay="0" offsetType="independant" >
	<velocity startX="(-10,10)" startY="(-150,-20)" />
	<acceleration rate="(-60,-60)" />
	<extForce force="0,120" />
	<position startX="(-180,180)" startY="(-10,10)" />
	<scale startScale="(0.6,1.0)" endScale="(0.0,0.4)" constant="false" />
	<particleLife lifeTime="(0.75,3.0)" />
	<opacity startOp="0.7" endOp="1.0" />
	<resource type="image" path="resources/FX/general/sparkle" />
</particleStream>

</particleSystem>