<particleSystem autoStop="-1.0" >

<particleStream sequence="random" emitRate="40.0" offset="0,0" startDelay="0" offsetType="independant" >
	<velocity startX="(-10,10)" startY="(-130,80)" />
	<acceleration rate="(-60,-60)" />
	<extForce force="0,120" />
	<position startX="(-100,100)" startY="(-10,10)" />
	<scale startScale="(0.6,1.0)" endScale="(0.0,0.4)" constant="false" />
	<particleLife lifeTime="(0.75,1.0)" />
	<opacity startOp="0.7" endOp="1.0" />
	<resource type="image" path="resources/FX/general/sparkle" />
</particleStream>


<particleStream sequence="random" emitRate="10.0" offset="0,0" startDelay="0" offsetType="independant" >
	<velocity startX="0" startY="0" />
	<extForce force="0,0" />
	<position startX="(-100,100)" startY="(-10,10)" />
	<scale startScale="(0.2,0.3)" endScale="(1.0,1.0)" constant="false" />
	<particleLife lifeTime="(0.45,0.65)" />
	<opacity startOp="1.0" endOp="0.2" />
	<resource type="image" path="resources/FX/general/sparkleb" />
</particleStream>

</particleSystem>