<particleSystem autoStop="-1.0" >

	<particleStream sequence="sequence" emitRate="10.0" offset="0,0" offsetType="independent">
		<resource type="image" path="resources/FX/bubbleParticle" />
		<velocity startX="(-50,50)" startY="(-1,1)" />
		<acceleration rate="(5,10)" />
		<extForce force="0,-70.8" />
		<position startX="(20,40)" startY="(10,20)" />
		<scale startScale="(0.2,0.3)" endScale="(0.3,0.7)" />
		<particleLife lifeTime="(0.8,1.4)" />
		<opacity startOp="0.5" endOp="0.0" />
	</particleStream>

</particleSystem>