<particleSystem autoStop="-1.0" >

	<particleStream sequence="random" autoStop="0.1" emitRate="80.0" offset="0,0" parent="hudOffsetGroup" offsetType="groupRelative">
		<resource type="image" path="resources/FX/bubbleParticle" />
		<velocity startX="(-200,200)" startY="(-100,300)" />
		<acceleration rate="-550" />
		<extForce force="0,-660.8" />
		<position startX="(-20,20)" startY="(-20,20)" />
		<scale startScale="(0.2,0.25)" endScale="(0.25,0.25)" />
		<particleLife lifeTime="(0.6,0.65)" />
		<opacity startOp="3.0" endOp="0.0" />
	</particleStream>

	
	<particleStream sequence="random" emitRate="50.0" autoStop="0.1" offset="0,0" startDelay="0" offsetType="independant" >
		<velocity startX="(-150,150)" startY="(-150,150)" />
		<acceleration rate="(-60,-60)" />
		<extForce force="0,130" />
		<position startX="(-10,10)" startY="(-10,10)" />
		<scale startScale="(0.8,1.3)" endScale="(0.0,0.4)" constant="false" />
		<particleLife lifeTime="(0.75,1.0)" />
		<opacity startOp="0.9" endOp="1.0" />
		<resource type="image" path="resources/FX/general/sparkle" />
	</particleStream>


	<particleStream sequence="random" emitRate="50.0" autoStop="0.1" offset="0,0" startDelay="0" offsetType="independant" >
		<velocity startX="(-150,150)" startY="(-150,150)" />
		<acceleration rate="(-60,-60)" />
		<extForce force="0,130" />
		<position startX="(-10,10)" startY="(-10,10)" />
		<scale startScale="(0.8,1.3)" endScale="(0.0,0.4)" constant="false" />
		<particleLife lifeTime="(0.75,1.0)" />
		<opacity startOp="0.9" endOp="1.0" />
		<resource type="image" path="resources/FX/general/sparkleb" />
	</particleStream>

</particleSystem>