<font face="Fink-Roman" image="resources/menus/menuFont.png" height="40" spaceWidth="1" ascent="27" gap="2">
   <!-- row 0 -->
   <glyph char="32" a="0" b="3" c="6" />
   <glyph char="33" a="1" b="6" c="0" />
   <glyph char="34" a="0" b="8" c="2" />
   <glyph char="35" a="1" b="15" c="0" />
   <glyph char="36" a="0" b="13" c="0" />
   <glyph char="37" a="1" b="17" c="1" />
   <glyph char="38" a="1" b="17" c="1" />
   <glyph char="39" a="1" b="4" c="1" />
   <glyph char="40" a="1" b="9" c="0" />
   <glyph char="41" a="1" b="9" c="0" />
   <glyph char="42" a="1" b="9" c="0" />
   <glyph char="43" a="1" b="11" c="0" />
   <glyph char="44" a="1" b="5" c="1" />
   <glyph char="45" a="1" b="10" c="1" />
   <glyph char="46" a="1" b="5" c="1" />
   <glyph char="47" a="1" b="16" c="1" />
   <glyph char="48" a="0" b="18" c="1" />
   <glyph char="49" a="1" b="12" c="-1" />
   <glyph char="50" a="1" b="17" c="1" />
   <glyph char="51" a="1" b="16" c="1" />
   <!-- row 1 -->
   <glyph char="52" a="0" b="16" c="1" />
   <glyph char="53" a="1" b="14" c="0" />
   <glyph char="54" a="1" b="17" c="1" />
   <glyph char="55" a="1" b="15" c="1" />
   <glyph char="56" a="1" b="17" c="0" />
   <glyph char="57" a="1" b="15" c="1" />
   <glyph char="58" a="1" b="5" c="1" />
   <glyph char="59" a="1" b="5" c="1" />
   <glyph char="60" a="1" b="10" c="1" />
   <glyph char="61" a="1" b="12" c="1" />
   <glyph char="62" a="1" b="11" c="1" />
   <glyph char="63" a="1" b="15" c="1" />
   <glyph char="64" a="0" b="17" c="1" />
   <glyph char="65" a="0" b="18" c="1" />
   <glyph char="66" a="1" b="16" c="0" />
   <glyph char="67" a="0" b="19" c="1" />
   <!-- row 2 -->
   <glyph char="68" a="0" b="18" c="0" />
   <glyph char="69" a="0" b="17" c="0" />
   <glyph char="70" a="1" b="16" c="0" />
   <glyph char="71" a="0" b="19" c="1" />
   <glyph char="72" a="1" b="16" c="1" />
   <glyph char="73" a="1" b="9" c="0" />
   <glyph char="74" a="1" b="16" c="0" />
   <glyph char="75" a="1" b="18" c="1" />
   <glyph char="76" a="1" b="16" c="0" />
   <glyph char="77" a="1" b="22" c="0" />
   <glyph char="78" a="1" b="18" c="1" />
   <glyph char="79" a="0" b="20" c="1" />
   <glyph char="80" a="1" b="17" c="1" />
   <!-- row 3 -->
   <glyph char="81" a="1" b="20" c="1" />
   <glyph char="82" a="1" b="18" c="1" />
   <glyph char="83" a="1" b="18" c="1" />
   <glyph char="84" a="0" b="17" c="1" />
   <glyph char="85" a="1" b="17" c="1" />
   <glyph char="86" a="1" b="19" c="1" />
   <glyph char="87" a="1" b="25" c="1" />
   <glyph char="88" a="1" b="17" c="1" />
   <glyph char="89" a="1" b="19" c="1" />
   <glyph char="90" a="1" b="16" c="1" />
   <glyph char="91" a="0" b="10" c="0" />
   <glyph char="92" a="1" b="16" c="1" />
   <glyph char="93" a="0" b="10" c="1" />
   <glyph char="94" a="1" b="9" c="1" />
   <!-- row 4 -->
   <glyph char="95" a="0" b="17" c="0" />
   <glyph char="96" a="1" b="7" c="1" />
   <glyph char="97" a="1" b="12" c="1" />
   <glyph char="98" a="0" b="16" c="1" />
   <glyph char="99" a="1" b="14" c="0" />
   <glyph char="100" a="1" b="15" c="0" />
   <glyph char="101" a="1" b="14" c="1" />
   <glyph char="102" a="1" b="12" c="0" />
   <glyph char="103" a="-1" b="18" c="-1" />
   <glyph char="104" a="1" b="15" c="0" />
   <glyph char="105" a="1" b="7" c="1" />
   <glyph char="106" a="-5" b="13" c="1" />
   <glyph char="107" a="1" b="17" c="-1" />
   <glyph char="108" a="1" b="7" c="0" />
   <glyph char="109" a="0" b="21" c="0" />
   <glyph char="110" a="0" b="15" c="0" />
   <glyph char="111" a="1" b="15" c="1" />
   <!-- row 5 -->
   <glyph char="112" a="0" b="16" c="0" />
   <glyph char="113" a="0" b="16" c="1" />
   <glyph char="114" a="1" b="13" c="1" />
   <glyph char="115" a="0" b="15" c="0" />
   <glyph char="116" a="0" b="12" c="-1" />
   <glyph char="117" a="0" b="15" c="0" />
   <glyph char="118" a="1" b="15" c="1" />
   <glyph char="119" a="1" b="20" c="0" />
   <glyph char="120" a="1" b="15" c="0" />
   <glyph char="121" a="0" b="16" c="0" />
   <glyph char="122" a="1" b="14" c="1" />
   <glyph char="123" a="0" b="10" c="1" />
   <glyph char="124" a="1" b="6" c="0" />
   <glyph char="125" a="1" b="10" c="0" />
   <glyph char="126" a="2" b="10" c="2" />
   <glyph char="169" a="1" b="8" c="0" />
   <glyph char="174" a="1" b="8" c="1" />
</font>
