<stage name="StunStunStunBoom" 
	friendlyName="Stun, Stun, Stun, Boom!"
	stageWidth="800" 
	stageHeight="600"
	time="2:10" >

	<environment bgLayout="resources/backdrops/LostCity/bgLayout.xml" 
				 fgLayout="resources/backdrops/LostCity/fgLayout.xml"
				 mgLayout="resources/backdrops/LostCity/mgLayout.xml" />
				 
	<playerFish config="config/Fish/JDPlayer.xml" >
		<size size="9.5" targetScore="0" scale="0.40" />
		<size size="14.5" targetScore="550" scale="0.635" />
		<size size="17.5" targetScore="1350" scale="1.0" />
		<size size="18.5" targetScore="2200" scale="1.0" />
	</playerFish>

<!-- Fish -->
	
	<enemyFish name="Surgeon B Mini School" template="config/fish/SurgeonBMiniSchool.xml" displayMenuImage="true" poolSize="12" >
		<spawnInfo playerSize="0"	maxCount="6"	respawnFreq="(0.5,2.0)" />
		<spawnInfo playerSize="14.5" maxCount="4"	respawnFreq="(1.0,5.0)" />
		<spawnInfo playerSize="17.5" maxCount="4"	respawnFreq="(1.0,5.0)" />
	</enemyFish> 
	
	<enemyFish name="Puffer B Small" template="config/fish/PufferBSmall.xml" poolSize="2" >
		<spawnInfo playerSize="0"	maxCount="4"	respawnFreq="(2.0,5.0)" />
		<spawnInfo playerSize="14.5" maxCount="3"	respawnFreq="(1.0,4.0)" />
		<spawnInfo playerSize="17.5" maxCount="1"	respawnFreq="(2.0,5.0)" />
	</enemyFish>

	<enemyFish name="Barracuda Medium" template="config/fish/BarracudaMedium.xml" poolSize="6" >
		<spawnInfo playerSize="0"	maxCount="2"	respawnFreq="(1.0,3.0)" />
		<spawnInfo playerSize="14.5" maxCount="3"	respawnFreq="(1.0,2.0)" />
		<spawnInfo playerSize="17.5" maxCount="4"	respawnFreq="(1.0,2.0)" />
	</enemyFish>
	
	<enemyFish name="Marlin Large" template="config/fish/MarlinLarge.xml" poolSize="2">
		<spawnInfo playerSize="0"	maxCount="2"	respawnFreq="(2.0,5.5)" />
		<spawnInfo playerSize="14.5" maxCount="4"	respawnFreq="(2.0,5.0)" />
		<spawnInfo playerSize="17.5" maxCount="3"	respawnFreq="(3.0,6.0)" />
	</enemyFish>

	<enemyFish name="Shark" template="config/fish/SharkFlyby.xml" poolSize="1" displayMenuImage="false" mode="uncounted" >
		<spawnInfo playerSize="0" maxCount="1" respawnFreq="(30.0,35.0)" />
		<spawnInfo playerSize="14.5" maxCount="1" respawnFreq="(20.0,25.0)" />
		<spawnInfo playerSize="17.5" maxCount="1" respawnFreq="(10.0,15.0)" />
	</enemyFish>

<!-- Hazards -->

	<enemyFish name="Oysters" template="config/fish/oysterFast.xml" poolSize="1" displayMenuImage="false" mode="uncounted" >
		<staticSpawn pos="517,508" doRespawn="true" />
		<spawnInfo playerSize="0"	maxCount="0"	respawnFreq="(.5,1.5)" />		
	</enemyFish>

	<enemyFish name="Mine" template="config/fish/Mine.xml" poolSize="6" displayMenuImage="false" mode="uncounted" >
		<spawnInfo playerSize="0"	maxCount="4"	respawnFreq="(1.0, 3.0)" />
		<spawnInfo playerSize="14.5" maxCount="3"	respawnFreq="(1.0, 5.0)" />
		<spawnInfo playerSize="17.5" maxCount="3"	respawnFreq="(1.0, 5.0)" />
	</enemyFish>

<!-- Powerups -->

	<enemyFish name="Bubbles" template="config/fish/BonusBubbleStar.xml" poolSize="2"  displayMenuImage="false">
		<spawnInfo playerSize="0"	maxCount="2"	respawnFreq="(1.0,7.0)" />
	</enemyFish> 
	
	<enemyFish name="2x Bubbles" template="config/fish/BonusBubble2X.xml" poolSize="1" mode="uncounted" displayMenuImage="false">
		<spawnInfo playerSize="0"	maxCount="1"	respawnFreq="(10.0,15.0)" />
	</enemyFish>

	<enemyFish name="Life Bubbles" template="config/fish/BonusBubbleFreeLife.xml" poolSize="1" mode="uncounted" displayMenuImage="false">
		<spawnInfo playerSize="0"	maxCount="1"	respawnFreq="(30.0,45.0)" />
	</enemyFish>

	<enemyFish name="Stun Bubbles" template="config/fish/BonusBubbleStun.xml" poolSize="1"  displayMenuImage="false" mode="uncounted">
		<spawnInfo playerSize="0"	maxCount="1"	respawnFreq="(5.0,15.0)" />
	</enemyFish>

	<enemyFish name="GoldenMinnowMini" template="config/fish/GoldenMinnowMini.xml" poolSize="1" displayMenuImage="false" mode="onlyUneaten" >
		<spawnInfo playerSize="0"	maxCount="1"	respawnFreq="(15,40)" />
	</enemyFish>
	
	<music	introSound="stageIntro"
			outroSound="stageOutro"
			gameMusic="resources/music/track3.wav" />
		
</stage>
