<fish name="John Dory Small School"
	class="SoldierFish"
	foodValue="10"
	maxSpeedX="(60,120)" 
	maxSpeedY="(50,60)" 
	sightDist="120" 
	accelRate="400" 
	dragRate="40" 
	scale="0.25"
	size="11"
	hotSpot="-5,-20,40,40"
	collision="5,58,167,140"
	spawnType="offStageLR"
	animPath="resources/JohnDory/"
	wanderMoveChangeFreq="(2.0,7.0)"
	wanderStateChangeFreq="(5.0,10.0)"
	chaseMoveChangeFreq="(0.5,1.5)"
	chaseStateChangeFreq="(2.0,5.0)"
	runMoveChangeFreq="(1.0,5.0)"
	runStateChangeFreq="(2.0,5.0)"
	sightCheckFreq="0.2"
	schoolSize="6"
	schoolDist="30"
	schoolNeighborDist="80"
	schoolRunMult="3.0f"
	>
	
	<sound class="eaten" name="eatenSound" pitch="1.5" />
	<menuImage onImage="resources/JohnDory/hudImage.png" />
	
	
	<react class="Mine" reaction="avoid" reactFreq="1.0" />
	<react class="BasicJellyFish" reaction="avoid" reactFreq="1.0" />
	<react class="PlayerFish" reaction="run" reactFreq="0.5" />
	<react class="SoldierFish" reaction="avoid" reactFreq="0.6" />
	<react class="BrineShrimp" reaction="avoid" reactFreq="0.5" />
	<react class="ChaserFish" reaction="avoid" reactFreq="0.8" />
	<react class="PufferFish" reaction="avoid" reactFreq="0.8" />	
</fish>
