<stage name="MarlinMadness" 
	friendlyName="Marlin Madness"
	stageWidth="800" 
	stageHeight="600"
	time="2:15" >

	<environment bgLayout="resources/backdrops/LostCity/bgLayout.xml" 
				 fgLayout="resources/backdrops/LostCity/fgLayout.xml"
				 mgLayout="resources/backdrops/LostCity/mgLayout.xml" />
				 
	<playerFish config="config/Fish/JDPlayer.xml" >
		<size size="9.5" targetScore="0" scale="0.40" />
		<size size="14.5" targetScore="550" scale="0.635" />
		<size size="17.5" targetScore="1350" scale="1.0" />
		<size size="18.5" targetScore="2200" scale="1.0" />
	</playerFish>

<!-- Fish -->
	
	<enemyFish name="ParrotASmall" template="config/fish/ParrotASmall.xml" poolSize="14" >
		<spawnInfo playerSize="0"	maxCount="14"	respawnFreq="(0.5,1.0)" />
	</enemyFish> 

	<enemyFish name="Barracuda Medium" template="config/fish/BarracudaMedium.xml" poolSize="6" >
		<spawnInfo playerSize="0"	maxCount="2"	respawnFreq="(3.0,4.0)" />
		<spawnInfo playerSize="14.5" maxCount="6"	respawnFreq="(2.0,3.0)" />
		<spawnInfo playerSize="17.5" maxCount="5"	respawnFreq="(3.0,4.0)" />
	</enemyFish>

	<enemyFish name="Marlin Large" template="config/fish/MarlinLarge.xml" poolSize="5" >
		<spawnInfo playerSize="0"	maxCount="2"	respawnFreq="(5.0,9.0)" />
		<spawnInfo playerSize="14.5" maxCount="3"	respawnFreq="(2.0,3.0)" />
		<spawnInfo playerSize="17.5" maxCount="4"	respawnFreq="(2.0,3.0)" />
	</enemyFish>

	<enemyFish name="Shark" template="config/fish/SharkFlyby.xml" poolSize="2" displayMenuImage="false" mode="uncounted" >
		<spawnInfo playerSize="0" maxCount="0" respawnFreq="(20.0,25.0)" />
		<spawnInfo playerSize="0" maxCount="1" respawnFreq="(15.0,20.0)" />
		<spawnInfo playerSize="0" maxCount="2" respawnFreq="(10.0,15.0)" />
	</enemyFish>

<!-- Hazards -->

	<enemyFish name="Mine" template="config/fish/Mine.xml" poolSize="6" displayMenuImage="false" mode="uncounted" >
		<spawnInfo playerSize="0"	maxCount="2"	respawnFreq="(5.0, 8.0)" />
		<spawnInfo playerSize="14.5"	maxCount="3"	respawnFreq="(4.0, 6.0)" />
		<spawnInfo playerSize="17.5"	maxCount="3"	respawnFreq="(3.0, 5.0)" />
	</enemyFish>

	<enemyFish name="Oysters" template="config/fish/oysterFast.xml" poolSize="2" displayMenuImage="false" mode="uncounted" >
		<staticSpawn pos="490,540" doRespawn="true" />
		<spawnInfo playerSize="0"	maxCount="0"	respawnFreq="(.5,1.5)" />		
	</enemyFish>

<!-- Powerups -->

	<enemyFish name="Bubbles" template="config/fish/BonusBubbleStar.xml" poolSize="1"  displayMenuImage="false" mode="uncounted" >
		<spawnInfo playerSize="0"	maxCount="1"	respawnFreq="(1.0,7.0)" />
	</enemyFish> 
	
	<enemyFish name="Speed Bubbles" template="config/fish/BonusBubbleSpeed.xml" poolSize="1" mode="uncounted" displayMenuImage="false">
		<spawnInfo playerSize="0"	maxCount="1"	respawnFreq="(7.5,15.0)" />
	</enemyFish>

	<enemyFish name="Life Bubbles" template="config/fish/BonusBubbleFreeLife.xml" poolSize="1" mode="onlyUneaten" displayMenuImage="false">
		<spawnInfo playerSize="0"	maxCount="1"	respawnFreq="(20.0,45.0)" />
	</enemyFish>
	
	<enemyFish name="Stun Bubbles" template="config/fish/BonusBubbleStun.xml" poolSize="1"  displayMenuImage="false" mode="uncounted">
		<spawnInfo playerSize="0"	maxCount="1"	respawnFreq="(10.0,20.0)" />
	</enemyFish>

	<enemyFish name="Shield Bubbles" template="config/fish/BonusBubbleShield.xml" poolSize="1"  displayMenuImage="false" mode="uncounted">
		<spawnInfo playerSize="0"	maxCount="1"	respawnFreq="(20.0,40.0)" />
	</enemyFish>

	<enemyFish name="GoldenMinnowMini" template="config/fish/GoldenMinnowMini.xml" poolSize="1" displayMenuImage="false" mode="onlyUneaten" >
		<spawnInfo playerSize="0"	maxCount="1"	respawnFreq="(15,40)" />
	</enemyFish>

	<music	introSound="stageIntro"
			outroSound="stageOutro"
			gameMusic="resources/music/track1.wav" />
		
</stage>
