<stage name="DeepWaterDreams" 
	friendlyName="Deep Water Dreams"
	stageWidth="1280" 
	stageHeight="960"
	time="2:00" >

	<environment bgLayout="resources/backdrops/BigRidge/bgLayout.xml" 
				 fgLayout="resources/backdrops/BigRidge/fgLayout.xml"
				 mgLayout="resources/backdrops/BigRidge/mgLayout.xml" />

	<playerFish config="config/Fish/AnglerPlayer.xml" >
		<size size="6.5" targetScore="0" scale="0.2" />
		<size size="8.5" targetScore="500" scale="0.4" />
		<size size="12.5" targetScore="1000" scale="0.62" />
		<size size="13.5" targetScore="1750" scale="0.62" />
	</playerFish>

<!-- Fish -->
		
	<enemyFish name="SurgeonBMiniSchool" template="config/fish/surgeonBMiniSchool.xml" poolSize="25">
		<spawnInfo playerSize="0"	maxCount="25"	respawnFreq="(0.2,0.5)" />
		<spawnInfo playerSize="8.5" maxCount="10"	respawnFreq="(0.3,0.7)" />
	</enemyFish>

	<enemyFish name="Parrot Fish A Small" template="config/fish/ParrotASmall2.xml" poolSize="13" >
		<spawnInfo playerSize="0"	maxCount="7"	respawnFreq="(1.0,2.0)" />
		<spawnInfo playerSize="8.5" maxCount="13"	respawnFreq="(0.5,1.0)" />
	</enemyFish>

	<enemyFish name="SurgeonCMedium" template="config/fish/SurgeonCMedium2.xml" poolSize="5" >
		<spawnInfo playerSize="0"	maxCount="2"	respawnFreq="(1.0,2.0)" />
		<spawnInfo playerSize="8.5" 	maxCount="3"	respawnFreq="(1.0,2.0)" />
		<spawnInfo playerSize="12.5"	maxCount="4"	respawnFreq="(1.0,2.0)" />
	</enemyFish> 
	
	<enemyFish name="OrcaHazard" template="config/fish/OrcaHazard.xml" poolSize="2" mode="uncounted" displayMenuImage="false" >
		<spawnInfo playerSize="0"	maxCount="2"	respawnFreq="(5.0,10.0)" />
	</enemyFish> 	

	<enemyFish name="Shark" template="config/fish/SharkFlyby.xml" poolSize="3" displayMenuImage="false" mode="uncounted" >
		<spawnInfo playerSize="0" maxCount="3" respawnFreq="(5.0,10.0)" />
	</enemyFish>

<!-- Hazards -->



<!-- Powerups -->

	<enemyFish name="Bubbles" template="config/fish/BonusBubbleStar.xml" poolSize="2"  displayMenuImage="false" mode="uncounted" >
		<spawnInfo playerSize="0"	maxCount="2"	respawnFreq="(3.0,8.0)" />
		<spawnInfo playerSize="8.5" maxCount="2"	respawnFreq="(3.0,8.0)" />
		<spawnInfo playerSize="12.5" maxCount="2"	respawnFreq="(3.0,8.0)" />
	</enemyFish>

	<enemyFish name="Life Bubbles" template="config/fish/BonusBubbleFreeLife.xml" poolSize="1" mode="onlyUneaten" displayMenuImage="false" >
		<spawnInfo playerSize="0"	maxCount="0"	respawnFreq="(10.0,15.0)" />
		<spawnInfo playerSize="8.5" maxCount="1"	respawnFreq="(10.0,15.0)" />
		<spawnInfo playerSize="12.5" maxCount="0"	respawnFreq="(10.0,15.0)" />
	</enemyFish>

	<enemyFish name="Fury Bubbles" template="config/fish/BonusBubbleFeedingFury.xml" poolSize="1"  displayMenuImage="false" mode="uncounted">
		<spawnInfo playerSize="0"	maxCount="1"	respawnFreq="(10.0,15.0)" />
	</enemyFish>

	<music	introSound="stageIntro"
			outroSound="stageOutro"
			gameMusic="resources/music/track1.wav" />
		
</stage>
